{"id": "5cec68aadcbea086a5b4b6eccb58a88f",
     "summary": "原告与被告侵权责任纠纷一案。原告提出诉求：判决被告赔偿原告医疗费、住院伙食补助费、营养费、护理费、误工费、残疾赔偿金、精神损害抚慰金、后续治疗费、被抚养人生活费、交通费、住宿费、鉴定费。被告辩称两被告对此不予认可，称两被告与涉案店铺没有关系，并未租用该店铺。经查明原告系受案外人粟顺良指示在涉案店铺进行装修，其主张两被告未尽到管理责任，但并未能提供充分的证据证明涉案商铺与两被告的关系，亦未能证实两被告存在过错行为且与原告受伤的结果之间有因果联系。根据《中华人民共和国民事诉讼法》第六十四条第一款、《最高人民法院关于民事诉讼证据的若干规定》第二条的规定，判决：驳回原告全部诉讼请求。", 
     "text": [
         {"sentence": "唐鲜明与何伟华、深圳市华名威电汽车服务有限公司侵权责任纠纷一审民事判决书", "label": 1}, 
         {"sentence": "广东省深圳市宝安区人民法院", "label": 0}, 
         {"sentence": "民 事 判 决 书", "label": 0}, 
         ]}
{"id": "77db3aeaede27b29181f9abde06755a6", "summary": "本案系租赁合同纠纷。原告提出诉求，请求判令三被告支付租金、违约金及逾期利息损失。被告许绪发辩称仅认可部分租金，现无力偿还。被告许先平辩称其已与股东内部账结清。被告许胡生未答辩。三被告与三原告签订的合同因被告经营不善，双方解除合同进行结算；被告未按结算依据自觉履行义务，应承担本案的全部责任；被告许先平作为合伙人对合伙债务应承担连带清偿责任，本院对其辩称不予采纳；原告主张逾期利息损失过高，予以调整；原告对要求被告支付违约金的请求予以放弃，应予准许。根据《合同法》、《民法通则》、《民事诉讼法》之规定，判决三被告连带清偿原告租金及利息损失；驳回原告其他诉讼请求。", "text": [{"sentence": "阳晓红、宁运豪等与许绪发、许先平等租赁合同纠纷一审民事判决书", "label": 0}, {"sentence": "湖南省衡南县人民法院", "label": 0}, {"sentence": "民 事 判 决 书", "label": 0}, {"sentence": "（2017）湘0422民初967号", "label": 0}, {"sentence": "原告：阳晓红，女，汉族，衡南县人号。", "label": 0}, {"sentence": "原告：宁运豪，男，汉族，衡南县人。", "label": 0}, {"sentence": "原告：邹明灯，男，汉族，衡南县人。", "label": 0}, {"sentence": "委托代理人：宁运豪，男，汉族，衡南县人。", "label": 0}, {"sentence": "被告：许绪发，男，汉族，衡阳市人。", "label": 0}, {"sentence": "被告：许先平，男，汉族，衡阳市人。", "label": 0}, {"sentence": "被告：许胡生，男，汉族，衡阳市人。", "label": 0}, {"sentence": "原告阳晓红、宁运豪、邹明灯与被告许绪发、许先平、许胡生租赁合同纠纷一案，本院于2017年7月3日立案后，依法适用普通程序，公开开庭进行了审理。", "label": 1}, {"sentence": "原告阳晓红、宁运豪及原告邹明灯的委托代理人宁运豪到庭参加了诉讼。", "label": 0}, {"sentence": "被告许绪发、许先平、许胡生经传票传唤，无正当理由，拒不到庭参加诉讼。", "label": 0}, {"sentence": "本案现已审理终结。", "label": 0}, {"sentence": "原告阳晓红、宁运豪、邹明灯向本院提出诉讼请求：1、请求判令三被告支付租金35000元；", "label": 1}, {"sentence": "2、请求判令三被告支付违约金43800元；", "label": 1}, {"sentence": "3、逾期利息损失按月利率2分计算至欠款还清时止；", "label": 1}, {"sentence": "4、本案诉讼费由被告负担。", "label": 1}, {"sentence": "事实和理由：三被告与三原告签订租赁三原告的编号为7698号自卸驳船营运合同。", "label": 0}, {"sentence": "合同约定租期自2015年1月1日起，租赁时间为三年，单方不得以任何理由终止合同，违约按押金的二倍处罚。", "label": 0}, {"sentence": "一年后的春节前，被告以生意不好为由把船交给了原告，并口头承诺在春节前将欠款交清，并只按押金的一倍处罚。", "label": 0}, {"sentence": "原告表示同意。", "label": 0}, {"sentence": "但后来，被告不接原告电话，后人也无法联系。", "label": 0}, {"sentence": "为维护原告的合法权益，特提起诉讼，请求判如所请。", "label": 0}, {"sentence": "被告许绪发辩称：与三原告签订租赁三原告编号为7698号自卸驳船经营合同，尚欠三原告35000元租金是实，其他钱不认可。", "label": 1}, {"sentence": "由于生意亏损，现无力偿还。", "label": 1}, {"sentence": "被告许先平辩称：与三原告签订租赁三原告编号为7698号自卸驳船合同经营是实，其已与股东内部账结清。", "label": 1}, {"sentence": "被告许胡生未予答辩，也未向法庭提供证据。", "label": 1}, {"sentence": "经审理查明：2014年12月31日被告许绪发、许先平、许胡生与原告阳晓红、宁运豪、邹明灯签订了一份由被告租赁原告编号为7698号自卸驳船营运的合同。", "label": 0}, {"sentence": "合同就租期、违约责任等事项进行了约定。", "label": 0}, {"sentence": "由于经营不善，被告将该自卸驳船交给了原告，原告接受了该自卸驳船，双方就所欠租金进行了结算。", "label": 0}, {"sentence": "由被告之一的许绪发于2016年1月17日向原告出具了35000元的租金欠条，并限2016年2月1日即农历12月23日付清。", "label": 0}, {"sentence": "期满后，被告未偿还原告该租金，酿成纠纷。", "label": 0}, {"sentence": "原告诉至本院。", "label": 0}, {"sentence": "上述事实有原、被告的陈述、租赁合同、欠条等证据证实，本院予以认定。", "label": 0}, {"sentence": "本院认为:被告许绪发、许先平、许胡生与原告阳晓红、宁运豪、邹明灯签订的由被告租赁原告编号为7698号自卸驳船营运的合同及此后因被告经营不善双方解除合同进行结算是原、被告双方的真实意思表示，该行为不违反法律法令。", "label": 1}, {"sentence": "当事人应按结算依据自觉履行。", "label": 0}, {"sentence": "被告未按结算依据自觉履行义务，酿成纠纷，应承担本案的全部责任。", "label": 1}, {"sentence": "被告许先平作为合伙人之一，对合伙债务应承担连带清偿责任，本院对其辩称的其股东内部已结清而不承担该债务的理由不予采纳。", "label": 1}, {"sentence": "但原告要求被告逾期按月利率2分赔偿损失没有依据，本院对其该请求不予支持，应按同期贷款利率赔偿损失较妥。", "label": 1}, {"sentence": "诉讼中，原告对要求被告支付违约金的请求予以放弃，本院应予准许。", "label": 1}, {"sentence": "根据《中华人民共和国合同法》第一百一十二条、《中华人民共和国民法通则》第三十五条、《中华人民共和国民事诉讼法》第一百四十四条之规定，判决如下：", "label": 1}, {"sentence": "一、由被告许绪发、许先平、许胡生连带清偿原告阳晓红、宁运豪、邹明灯租金35000元，并自2016年2月1日起至租金还清之日止按同期中国人民银行贷款利率赔偿原告阳晓红、宁运豪、邹明灯利息损失，款限本判决生效后五日内付清；", "label": 1}, {"sentence": "二、驳回原告阳晓红、宁运豪、邹明灯的其他诉讼请求。", "label": 1}, {"sentence": "如未按本判决指定的期间履行给付金钱义务的，应当按照《中华人民共和国民事诉讼法》第二百五十三条的规定加倍支付迟延履行期间的债务利息。", "label": 1}, {"sentence": "本案受理费1858元，由被告许绪发、许先平、许胡生负担。", "label": 0}, {"sentence": "如不服本判决，可在判决书送达之日起十五日内，向本院递交上诉状，并按对方当事人的人数提出副本，上诉于湖南省衡阳市中级人民法院。", "label": 0}, {"sentence": "审　判　长　　罗国成", "label": 0}, {"sentence": "审　判　员　　贺清元", "label": 0}, {"sentence": "人民陪审员　　倪小聪", "label": 0}, {"sentence": "二〇一七年十一月二十七日", "label": 0}, {"sentence": "书　记　员　　马甲桂", "label": 0}, {"sentence": "附相关法律条文：", "label": 0}, {"sentence": "《中华人民共和国合同法》", "label": 0}, {"sentence": "第一百一十二条当事人一方不履行合同义务或者履行合同义务不符合约定的，在履行义务或者采取补救措施后，对方还有其他损失的，应当赔偿损失。", "label": 0}, {"sentence": "《中华人民共和国民法通则》", "label": 0}, {"sentence": "第三十五条合伙的债务，由合伙人按照出资比例或者协议的约定，以各自的财产承担清偿责任。", "label": 0}, {"sentence": "合伙人对合伙的债务承担连带责任，法律另有规定的除外。", "label": 0}, {"sentence": "偿还合伙债务超过自己应当承担数额的合伙人，有权向其他合伙人追偿。", "label": 0}, {"sentence": "《中华人民共和国民事诉讼法》", "label": 0}, {"sentence": "第一百四十四条被告经传票传唤，无正当理由拒不到庭的，或者未经法庭许可中途退庭的，可以缺席判决。", "label": 0}]}
{"id": "2eb0f0d473bb826f91f5f1276758853c", "summary": "本案系租赁合同纠纷。原告提出诉求要求被告偿还租车费及逾期利息。被告未作答辩。经审理原被告签订的租赁合同合法有效，被告租赁原告的小汽车，双方经结算，有被告出具的欠条对被告所欠原告的租车费数额、付款期限等予以确认，被告应按约定的期限向原告偿还欠款，逾期构成违约则应承担逾期付款利息。根据《中华人民共和国合同法》第二百一十二条、第二百二十六条，《中华人民共和国民事诉讼法》第六十四第一款、第一百四十四条的规定判决：被告偿还原告租车费及逾期付款利息。", "text": [{"sentence": "苏州市春秋汽车服务有限公司、周志斗与岳治国租赁合同纠纷一审民事判决书", "label": 1}, {"sentence": "江苏省阜宁县人民法院", "label": 0}, {"sentence": "民 事 判 决 书", "label": 0}, {"sentence": "(2017)苏0923民初556号", "label": 0}, {"sentence": "原告：苏州市春秋汽车服务有限公司，住所地苏州市吴中区东吴北路98号2112室。", "label": 0}, {"sentence": "法定代表人：尚雅珠，该公司总经理。", "label": 0}, {"sentence": "原告：周志斗，男，1970年6月12日出生，汉族，市民，住江苏省睢宁县。", "label": 0}, {"sentence": "二原告共同委托诉讼代理人：陈洪祥，江苏阜一律师事务所律师。", "label": 0}, {"sentence": "被告：岳治国，男，1977年3月27日出生，汉族，市民，住阜宁县。", "label": 0}, {"sentence": "原告苏州市春秋汽车服务有限公司（以下简称春秋汽车公司）、周志斗与被告岳治国租赁合同纠纷一案，本院于2017年2月3日立案后，依法适用普通程序，公开开庭进行了审理。", "label": 0}, {"sentence": "原告春秋汽车公司、周志斗的共同委托诉讼代理人陈洪祥到庭参加诉讼。", "label": 0}, {"sentence": "被告岳治国经公告送达诉状副本和开庭传票，期满未到庭参加诉讼，本院依法缺席审理。", "label": 0}, {"sentence": "本案现已审理终结。", "label": 0}, {"sentence": "原告春秋汽车公司、周志斗向本院提出诉讼请求：1.判令被告岳治国支付原告春秋汽车公司租赁费53600元及利息（按银行同期同类贷款利率计算，自2015年2月6日起至判决确定履行完毕之日止）；", "label": 1}, {"sentence": "2.本案诉讼费用由被告负担。", "label": 1}, {"sentence": "事实和理由：2014年3月至2014年5月，被告岳治国多次租赁原告车辆使用，并结欠租赁费合计53600元。", "label": 0}, {"sentence": "此款经原告催要，被告未有给付。", "label": 0}, {"sentence": "被告岳治国未作答辩。", "label": 0}, {"sentence": "原告春秋汽车公司、周志斗围绕诉讼请求，向本院提交了用车明细单和欠条等证据，本院予以确认并在卷佐证。", "label": 0}, {"sentence": "根据当事人的陈述和经审查确认的证据，本院认定事实如下：2014年3月6日至5月16日，岳治国多次租赁春秋汽车公司车辆，并结欠租赁费53600元。", "label": 0}, {"sentence": "2015年2月6日，岳治国向春秋汽车公司调度员周志斗出具欠条1份，载明：“欠到周志斗用车款伍万叁千陆百正”。", "label": 0}, {"sentence": "此款经原告催要，被告未有给付。", "label": 0}, {"sentence": "本院认为，依法成立的合同，对当事人具有拘束力。", "label": 1}, {"sentence": "岳治国租赁春秋汽车公司车辆使用后，依法应及时支付租赁物的租金。", "label": 1}, {"sentence": "春秋汽车公司、周志斗要求岳治国支付租金53600元及逾期付款利息，该诉讼请求符合法律规定，本院予以支持。", "label": 0}, {"sentence": "依据《中华人民共和国合同法》第六十条、第一百零九条、第二百一十二条、第二百二十六条规定，判决如下：", "label": 1}, {"sentence": "被告岳治国向原告苏州市春秋汽车服务有限公司支付租金53600元及利息（按中国人民银行同期贷款基准利率计算，自2015年2月6日起算至判决确定履行完毕之日止），限本判决发生效力后10日内履行完毕。", "label": 1}, {"sentence": "如果未按本判决指定的期间履行给付金钱义务，应当按照《中华人民共和国民事诉讼法》第二百五十三条之规定，加倍支付迟延履行期间的债务利息。", "label": 1}, {"sentence": "案件受理费1293元，由被告岳治国负担。", "label": 0}, {"sentence": "如不服本判决，可在判决书送达之日起十五日内，向本院递交上诉状，并按对方当事人或者代表人的人数提出副本，上诉于江苏省盐城市中级人民法院。", "label": 0}, {"sentence": "审　判　长　　陈二洪", "label": 0}, {"sentence": "人民陪审员　　朱云华", "label": 0}, {"sentence": "人民陪审员　　陈　玲", "label": 0}, {"sentence": "二〇一七年七月十一日", "label": 0}, {"sentence": "书　记　员　　唐　诗", "label": 0}]}
{"id": "f828ddade6074530a7310be6a4dcd0a3", "summary": "原告与被告侵权责任纠纷一案。原告提出诉求：1、被告支付原告工资损失2、被告赔偿原告养老保险损失。被告辩称2016年11月3日，原告找到被告，被告当天就将养老保险手册及就失业证返还原告；即使被告未及时返还，原告可以自行补办，并不会给原告造成损失。经查明原告主张找工作因没有养老保险手册及就失业证，未被录用，未能提供证据；而且2016年10月中铁建（北京）物业管理有限公司仍录用原告并为原告交纳了养老保险；虽然原告自2015年7月至2016年9月期间未交纳养老保险，但不能证明与被告未返还养老保险手册及就失业证有关联；原告要求没有依据，不予支持。根据《最高人民法院关于民事诉讼证据的若干规定》第二条的规定，判决：驳回原告的诉讼请求。", "text": [{"sentence": "闫志钢与天津晶悦酒店有限公司侵权责任纠纷一审民事判决书", "label": 0}, {"sentence": "天津市东丽区人民法院", "label": 0}, {"sentence": "民 事 判 决 书", "label": 0}, {"sentence": "（2017）津0110民初637号", "label": 0}, {"sentence": "原告：闫志钢男，1962年3月18日出生，汉族，住天津市河东区。", "label": 0}, {"sentence": "被告：天津晶悦酒店有限公司，住所地天津市东丽区。", "label": 0}, {"sentence": "法定代表人：王升高。", "label": 0}, {"sentence": "委托诉讼代理人：鲍作正。", "label": 0}, {"sentence": "委托诉讼代理人：高天和。", "label": 0}, {"sentence": "原告闫志钢与被告天津晶悦酒店有限公司侵权责任纠纷一案，本院于2017年1月12日立案后，依法适用简易程序，于2017年3月6日公开开庭进行了审理。", "label": 1}, {"sentence": "原告闫志钢、被告天津晶悦酒店有限公司的委托诉讼代理人鲍作正、高天和均到庭参加诉讼。", "label": 0}, {"sentence": "本案现已审理终结。", "label": 0}, {"sentence": "原告向本院提出诉讼请求：1、被告支付原告2015年7月1日至2016年11月3日的工资损失33320元；", "label": 1}, {"sentence": "2、被告赔偿原告养老保险损失10200元；", "label": 1}, {"sentence": "3、诉讼费由被告承担。", "label": 1}, {"sentence": "事实和理由：原告原系被告职工，自2014年11月13日，原告在被告处工作，原告的养老保险手册及就失业证由被告保管。", "label": 0}, {"sentence": "2015年6月13日被告违法解除了与原告的劳动关系，却恶意扣押原告的养老保险手册及就失业证。", "label": 0}, {"sentence": "经原告多次催要，直到2016年11月3日被告才返还原告，致使原告2015年7月1日至2016年11月3日期间无法就业、无法缴纳社会保险，给原告造成工资损失33320元、养老保险损失10200元，故要求被告予以赔偿。", "label": 0}, {"sentence": "原告围绕诉讼请求提交了如下证据：", "label": 0}, {"sentence": "1、（2016）津02民终659号民事判决书1份，证明原告曾在被告处工作情况。", "label": 0}, {"sentence": "2、光盘一张（包括三段录音），证明原告多次找被告索要养老保险手册及就失业证，被告未能及时返还。", "label": 0}, {"sentence": "3、保险清单二份，证明2015年6月至2016年9月期间原告无法交纳保险。", "label": 0}, {"sentence": "被告辩称，被告于2015年6月13日与原告终止劳动关系，原告为此提起诉讼，因处于诉讼期间，被告未能将养老保险手册及就失业证返还原告。", "label": 1}, {"sentence": "2016年2月25日诉讼结束后，原告并未及时找被告领取，2016年11月3日，原告找到被告，被告当天就将养老保险手册及就失业证返还原告。", "label": 1}, {"sentence": "即使被告未及时返还原告养老保险手册及就失业证，原告可以自行补办，并不会影响原告就业，不会给原告造成损失，故不同意原告的诉讼请求。", "label": 1}, {"sentence": "本院组织当事人进行了质证，被告对原告提供的证据1、证据3的真实性未提出异议，证据2中有两段录音的真实性不认可，且不认可证据2的证明目的。", "label": 0}, {"sentence": "本院经审理认定事实如下：原告自2014年11月13日在“吉泰精品酒店”从事维修工作。", "label": 0}, {"sentence": "2014年11月13日，原告签订的劳动合同第一页用人单位处为“天津晶悦酒店有限公司”。", "label": 0}, {"sentence": "被告于2015年2月6日登记成立，并加盟了吉泰酒店经营。", "label": 0}, {"sentence": "原告自被告成立即为被告工作，原告的养老保险手册及就失业证由被告保管。", "label": 0}, {"sentence": "2015年6月13日，被告通知原告终止劳动合同，为此2015年8月原告申请劳动仲载，2015年10月13日原告因不服《劳动仲裁书》向本院起诉，本院判决被告支付原告各项损失共计9300.13元，被告不服提起上诉，二审于2016年2月25日维持原判。", "label": 0}, {"sentence": "天津市社会保险参保人员缴费查询清单显示自2015年7月至2016年9月期间原告未交纳养老保险。", "label": 0}, {"sentence": "自2016年10月，原告在中铁建（北京）物业管理有限公司工作，中铁建（北京）物业管理有限公司为原告交纳养老保险。", "label": 0}, {"sentence": "2016年11月3日，被告将养老保险手册及就失业证返还原告。", "label": 0}, {"sentence": "诉讼中，原告称2015年7月至2016年9月期间曾到过多家企业找工作，因没有养老保险手册及就失业证，未被录用，对此原告未能向本院提供相关证据。", "label": 0}, {"sentence": "本院认为，当事人对自己提出的诉讼请求或者反驳对方诉讼请求所依据的事实有责任提供证据加以证明。", "label": 0}, {"sentence": "没有证据或者证据不足以证明当事人的主张的，由负有举证责任的当事人承担不利后果。", "label": 0}, {"sentence": "原告主张曾到多家企业找工作，因没有养老保险手册及就失业证，未被录用，对此原告未能向本院提供证据。", "label": 1}, {"sentence": "而且2016年10月，在被告未将养老保险手册及就失业证返还原告时，中铁建（北京）物业管理有限公司仍录用原告并为原告交纳了养老保险，故原告的陈述自相矛盾。", "label": 1}, {"sentence": "虽然原告自2015年7月至2016年9月期间未交纳养老保险，但不能证明与被告未返还养老保险手册及就失业证有关联，故原告要求被告给付2015年7月1日至2016年11月3日的工资损失33320元、养老保险损失10200元，没有事实和法律依据，本院不予支持。", "label": 1}, {"sentence": "综上所述，依照《最高人民法院关于民事诉讼证据的若干规定》第二条的规定，判决如下：", "label": 1}, {"sentence": "驳回原告闫志钢的诉讼请求。", "label": 1}, {"sentence": "案件受理费444元，由原告闫志钢负担。", "label": 1}, {"sentence": "如不服本判决，可在判决书送达之日起十五日内，向本院递交上诉状，并按对方当事人的人数提出副本，上诉于天津市第二中级人民法院。", "label": 0}, {"sentence": "代理审判员　　谢鸿艳", "label": 0}, {"sentence": "二〇一七年三月二十八日", "label": 0}, {"sentence": "书　记　员　　张倩梅", "label": 0}, {"sentence": "本判决所依据的相关法律、法规", "label": 0}, {"sentence": "一、《最高人民法院关于民事诉讼证据的若干规定》第二条规定：当事人对自己提出的诉讼请求或者反驳对方诉讼请求所依据的事实有责任提供证据加以证明。", "label": 0}, {"sentence": "没有证据或者证据不足以证明当事人的主张的，由负有举证责任的当事人承担不利后果。", "label": 0}]}
{"id": "c9d0f28db12a6eeb189a1be3fa458423", "summary": "原被告系劳动合同纠纷。原告诉称应支付被告代通知金4102.68元、经济补偿金9680.84元、2016.10.1-10.20工资2893.125元。被告辩称原告计算工资标准是少了2015年度的年终奖，提交的工资统计表是被告实发工资数额，且少了2015.10-11的工资。经审理，双方2016.10.20解除劳动关系，原告应支付2016.10.1-10.20的工资。原告无法明其所主张的计算补偿金的工资标准，应负举证不能的责任，向被告支付解除劳动合同的经济补偿金10925.52元。原告应向被告支付代通知金4709.77元。依照《劳动合同法》第30条、第40条、第46条、第47条，《民事诉讼法》第13条、第64条，判定：一、确认原被告于2016.10.20解除劳动关系；二、原告应于本判决生效之日起五日内向被告支付2016.10工资3970.2元、解除劳动合同经济补偿金10925.52元、代通知金4709.77元；三、驳回原告其他诉请。", "text": [{"sentence": "广州市某数码科技有限公司与曾某劳动合同纠纷一审民事判决书", "label": 0}, {"sentence": "广东省广州市番禺区人民法院", "label": 0}, {"sentence": "民 事 判 决 书", "label": 0}, {"sentence": "（2017）粤0113民初826号原告：广州市某数码科技有限公司", "label": 0}, {"sentence": "被告：曾某", "label": 0}, {"sentence": "第三人：广州市某联数码科技有限公司原告广州市某数码科技有限公司与被告曾某、第三人广州市某联数码科技有限公司劳动合同纠纷一案，本院于2017年1月23日立案后，依法适用简易程序，公开开庭进行了审理。", "label": 1}, {"sentence": "原告广州市某数码科技有限公司的委托代理人、被告曾某、第三人广州市某联数码科技有限公司的委托代理人到庭参加诉讼。", "label": 0}, {"sentence": "本案现已审理终结。", "label": 0}, {"sentence": "原告广州市某数码科技有限公司向本院提出诉讼请求：1.判决原告应支付给被告的代通知金为4102.68元；", "label": 1}, {"sentence": "2.判决原告应支付给被告的经济补偿金为9680.84元；", "label": 1}, {"sentence": "3.判决原告应支付给被告的2016年10月1日至20日期间的工资为2893.125元。", "label": 1}, {"sentence": "事实和理由：原告因资金周转出现重大困难，无法继续经营下去，为了不耽误被告寻找新的就业机会，便与被告于2016年10月20日协商解除劳动合同关系。", "label": 0}, {"sentence": "被告入职原告的时间为2015年3月23日，按照原、被告签署的劳动合同约定，原告应于次月第五个工作日向被告支付上月的工资。", "label": 0}, {"sentence": "原告应支付给被告的代通知金当按照2016年9月的实发工资进行计算，2016年9月实发工资为4102.96元，故代通知金为4102.96元。", "label": 0}, {"sentence": "经济补偿金应当按照劳动合同解除前12个月应发工资的月平均工资为基数进行计算，因此，经济补偿金的计算基数为4840.421元，原告应支付给被告的经济补偿金为9680.84元。", "label": 0}, {"sentence": "2016年10月1日至20日期间，被告的工作日为13天，故2016年10月1日至20日期间的工资为2893.125元。", "label": 0}, {"sentence": "被告曾某辩称，我方对仲裁没有异议，我方认为原告计算工资标准是少了2015年度的年终奖，原告提交的工资统计表是被告的实发工资的数额，而且少了2015年10、11月份的工资。", "label": 1}, {"sentence": "第三人无述称意见发表。", "label": 0}, {"sentence": "经审理查明：被告于2015年3月23日入职原告公司，双方于2016年3月9日签订期限至2018年3月22日的劳动合同，合同约定被告基本工资4000元另加提成，发放工资时间为每月第五个工作日。", "label": 0}, {"sentence": "2016年10月20日，原告向被告发出《辞退通知书》，通知被告：“因公司资金周转紧张，继续经营存在困难，现提前解除与你的劳动合同关系（解除劳动合同时间为2016年10月20日），公司会按照相关规定办理相关离职手续。”", "label": 0}, {"sentence": "关于被告工资标准的问题。", "label": 0}, {"sentence": "原告称被告的工资通过银行转账发放，没有签收工资条，被告离职前月平均工资为4840.421元，2016年9月工资为4102.96元。", "label": 0}, {"sentence": "被告则称其离职前月平均工资为5619.79元，代通知金4709.77元。", "label": 0}, {"sentence": "原告提供了被告的银行账户交易明细、员工每月工资明细及各项赔偿计算明细表。", "label": 0}, {"sentence": "银行账户交易明细显示了2015年11月起原告向被告转账发放每月实发工资的数额，被告确认该银行明细清单；", "label": 0}, {"sentence": "员工每月工资明细及各项赔偿计算明细表列明被告2015年12月至2016年9月的应发工资、平均工资、工作年限、经济补偿金等数额，被告确认称该明细表所列2015年12月至2016年9月的工资为其应发工资数额。", "label": 0}, {"sentence": "该明细表显示被告2016年9月应发工资为4909.95元，经核算，2015年12月至2016年9月的平均工资为4840.42元/月。", "label": 0}, {"sentence": "另经比对，2015年12月被告应发工资与实发工资的差额为564.43元。", "label": 0}, {"sentence": "2016年10月31日，被告等29人向广州市劳动人事争议仲裁委员会申请仲裁，被告请求裁决确认原、被告的劳动合同于2016年10月20日解除，并要求原告支付2016年10月工资、经济赔偿金、代通知金等。", "label": 0}, {"sentence": "仲裁委员会裁决确认原、被告于2016年10月20日解除劳动关系，并裁决原告向被告支付2016年10月工资4134.10元、解除劳动合同经济补偿金11239.58元、代通知金4709.77元并驳回被告的其它仲裁请求。", "label": 0}, {"sentence": "原告不服，诉至本院。", "label": 0}, {"sentence": "但原告确认对上述关于原、被告于2016年10月20日解除劳动关系的裁决无异议。", "label": 0}, {"sentence": "被告对仲裁裁决无异议。", "label": 0}, {"sentence": "另查明：1.原告确认未发被告2016年10月工资。", "label": 0}, {"sentence": "2016年10月1日至10月20日法定节假日与工作日共计16天。", "label": 0}, {"sentence": "2.庭审中，原、被告确认2015年10月被告实发工资为6612.34元、11月实发工资为8618.53元，2015年度的年终奖为3156.67元。", "label": 0}, {"sentence": "原告还确认对仲裁裁决其向被告支付解除劳动合同经济补偿金及代通知金的事实和法律适用依据无异议，只是对平均工资有异议。", "label": 0}, {"sentence": "本院认为：本案为劳动合同纠纷案。", "label": 0}, {"sentence": "原、被告对双方存在劳动关系均无异议，本院予以确认，双方合法权益均受法律保护。", "label": 1}, {"sentence": "原、被告对仲裁裁决确认双方于2016年10月20日解除劳动关系均无异议，本院予以确认。", "label": 1}, {"sentence": "关于原告应向被告支付2016年10月工资的数额问题。", "label": 0}, {"sentence": "原、被告的劳动合同于2016年10月20日解除，原告应向被告支付2016年10月1日至10月20日共16天的工资。", "label": 1}, {"sentence": "因双方订立的劳动合同约定被告的工资标准与实际发放的工资数额相差较大，且双方均未举证证明被告的工资构成情况，无法准确核算该期间被告应得的工资数额。", "label": 0}, {"sentence": "本院依据2015年10月至2016年9月被告应发平均工资情况（不含年终奖）作为计算2016年10月工资数额的标准（其中2015年10月与11月应发工资与实发工资差额参照2015年12月的差额核算），其金额为（4840.42×10+6612.34+8618.53+564.43×2）÷12÷21.75×16=3970.2元。", "label": 1}, {"sentence": "关于解除劳动合同经济补偿金与代通知金的数额。", "label": 0}, {"sentence": "原告对仲裁裁决其向被告支付经济补偿金的所依据的事实与适用的法律均无异议，只是对平均工资标准提出异议，但诉讼中，原告并无提交被告离职前12个月全部应得工资的证据，无法证实原告所主张的计算该补偿金的工资标准，原告对此应负举证不能的责任。", "label": 1}, {"sentence": "同时，按照双方确认的被告离职前12个月的有关工资与年终奖数额，经核算被告离职前的平均工资为5397+（3156.67÷12×3）÷12=5462.76元/月，以该标准为基数，原告应向被告支付解除劳动合同的经济补偿金5462.76×2=10925.52元。", "label": 1}, {"sentence": "关于代通知金的数额。", "label": 0}, {"sentence": "原告提交的明细表中载明被告2016年9月的工资数额超出仲裁裁决的代通知金的数额，被告对裁决无异议，视为同意按裁决的金额执行，本院予以确认。", "label": 0}, {"sentence": "故原告应向被告支付代通知金4709.77元。", "label": 1}, {"sentence": "综上所述，依照《中华人民共和国劳动合同法》第三十条、第四十条、第四十六条、第四十七条，《中华人民共和国民事诉讼法》第十三条、第六十四条等规定，判决如下：一、确认原告广州市某数码科技有限公司与被告曾某于2016年10月20日解除劳动关系；", "label": 1}, {"sentence": "二、原告广州市某数码科技有限公司应于本判决发生法律效力之日起五日内向被告曾某支付2016年10月工资3970.2元；", "label": 1}, {"sentence": "三、原告广州市某数码科技有限公司应于本判决发生法律效力之日起五日内向被告曾某支付解除劳动合同经济补偿金10925.52元；", "label": 1}, {"sentence": "四、原告广州市某数码科技有限公司应于本判决发生法律效力之日起五日内向被告曾某支付代通知金4709.77元；", "label": 1}, {"sentence": "五、驳回原告广州市某数码科技有限公司的其他诉讼请求。", "label": 1}, {"sentence": "当事人如果未按本判决指定的期间履行给付金钱义务，应当依照《中华人民共和国民事诉讼法》第二百五十三条规定，加倍支付迟延履行期间的债务利息。", "label": 1}, {"sentence": "案件受理费10元，由原告广州市某数码科技有限公司负担。", "label": 1}, {"sentence": "如不服本判决，可以在判决书送达之日起十五日内，向本院递交上诉状，并按对方当事人的人数提出副本，上诉于广东省广州市中级人民法院。", "label": 0}, {"sentence": "审判员　　万晓庚", "label": 0}, {"sentence": "二〇一七年四月二十一日", "label": 0}, {"sentence": "书记员　　邓远明", "label": 0}]}
